{
  "config": {
    "seed": 0,
    "device": "auto",
    "data": {
      "side": 1.0,
      "gap": 0.0
    },
    "teacher_checkpoint": "outputs/m1/teacher.pt",
    "eval": {
      "n_samples": 2000
    },
    "eval_noise": "outputs/eval_noise.pt",
    "output_dir": "outputs/m2"
  },
  "device": "cpu",
  "n_eval": 2000,
  "comparisons": {
    "pi1_vs_pi1_sanity": {
      "recovered_mode_count": 8,
      "normalized_mode_entropy": 0.9997218872549847,
      "off_support_fraction": 0.0,
      "energy_distance": 0.0013860773217753142,
      "mmd_rbf": 0.00027884260411070727
    },
    "pi0_vs_pi1_baseline": {
      "recovered_mode_count": 8,
      "normalized_mode_entropy": 0.9505347817176594,
      "off_support_fraction": 0.535,
      "energy_distance": 0.04189992036096868,
      "mmd_rbf": 0.02982827524427567
    },
    "teacher_multistep_ema_vs_pi1": {
      "recovered_mode_count": 8,
      "normalized_mode_entropy": 0.9989034485464501,
      "off_support_fraction": 0.1245,
      "energy_distance": 0.005266399164480351,
      "mmd_rbf": 0.0014238662633218047
    },
    "teacher_onestep_ema_vs_pi1": {
      "recovered_mode_count": 7,
      "normalized_mode_entropy": 0.5578962683215551,
      "off_support_fraction": 0.4425,
      "energy_distance": 0.3105612528282853,
      "mmd_rbf": 0.24390964444457663
    }
  },
  "degradation_one_minus_multi": {
    "off_support_fraction": 0.318,
    "energy_distance": 0.30529485366380493,
    "mmd_rbf": 0.24248577818125483
  },
  "one_step_clearly_worse": true
}