{
  "variant": {
    "name": "dmd_no_reg",
    "lambda_reg": 0.0,
    "fake_updates_per_gen": 1
  },
  "vs_pi1": {
    "recovered_mode_count": 8,
    "normalized_mode_entropy": 0.9981082212834829,
    "off_support_fraction": 0.1685,
    "energy_distance": 0.009082810583275869,
    "mmd_rbf": 0.003086807086348342
  }
}