{
  "references": {
    "pi1_vs_pi1_sanity": {
      "recovered_mode_count": 8,
      "normalized_mode_entropy": 0.9997218872549847,
      "off_support_fraction": 0.0,
      "energy_distance": 0.0013860773217753142,
      "mmd_rbf": 0.00027884260411070727
    },
    "pi0_vs_pi1_baseline": {
      "recovered_mode_count": 8,
      "normalized_mode_entropy": 0.9505347817176594,
      "off_support_fraction": 0.535,
      "energy_distance": 0.04189992036096868,
      "mmd_rbf": 0.02982827524427567
    },
    "teacher_multistep_ema_vs_pi1": {
      "recovered_mode_count": 8,
      "normalized_mode_entropy": 0.9989034485464501,
      "off_support_fraction": 0.1245,
      "energy_distance": 0.005266399164480351,
      "mmd_rbf": 0.0014238662633218047
    },
    "teacher_onestep_ema_vs_pi1": {
      "recovered_mode_count": 7,
      "normalized_mode_entropy": 0.5578962683215551,
      "off_support_fraction": 0.4425,
      "energy_distance": 0.3105612528282853,
      "mmd_rbf": 0.24390964444457663
    }
  },
  "variants": {
    "dmd_no_reg": {
      "recovered_mode_count": 8,
      "normalized_mode_entropy": 0.9981082212834829,
      "off_support_fraction": 0.1685,
      "energy_distance": 0.009082810583275869,
      "mmd_rbf": 0.003086807086348342
    },
    "dmd_reg": {
      "recovered_mode_count": 8,
      "normalized_mode_entropy": 0.9985577608844775,
      "off_support_fraction": 0.135,
      "energy_distance": 0.007962394928088923,
      "mmd_rbf": 0.0023639929638876733
    },
    "dmd_no_reg_ttur": {
      "recovered_mode_count": 8,
      "normalized_mode_entropy": 0.9982775090608126,
      "off_support_fraction": 0.1575,
      "energy_distance": 0.0058907272044304015,
      "mmd_rbf": 0.0021961795033108578
    }
  },
  "best_variant": "dmd_no_reg_ttur",
  "best_beats_m2_onestep": true
}