{
  "mean_real_logit": [
    [
      100,
      0.013682788237929344
    ],
    [
      200,
      0.01250613946467638
    ],
    [
      300,
      -0.009812717325985432
    ],
    [
      400,
      -0.002260822569951415
    ],
    [
      500,
      0.003057957161217928
    ],
    [
      600,
      0.0025916313752532005
    ],
    [
      700,
      0.05230670049786568
    ],
    [
      800,
      -0.040258266031742096
    ],
    [
      900,
      0.019318848848342896
    ],
    [
      1000,
      0.005607426632195711
    ],
    [
      1100,
      -0.006231633014976978
    ],
    [
      1200,
      -0.0011619522701948881
    ],
    [
      1300,
      -0.005528240464627743
    ],
    [
      1400,
      0.0004025544039905071
    ],
    [
      1500,
      0.0035070860758423805
    ],
    [
      1600,
      -0.002113576978445053
    ],
    [
      1700,
      -0.010028421878814697
    ],
    [
      1800,
      0.0035465285181999207
    ],
    [
      1900,
      0.004226718097925186
    ],
    [
      2000,
      0.0075060781091451645
    ],
    [
      2100,
      -0.006373253185302019
    ],
    [
      2200,
      0.0061719478107988834
    ],
    [
      2300,
      -0.002691208850592375
    ],
    [
      2400,
      -0.010771368630230427
    ],
    [
      2500,
      0.0031081505585461855
    ],
    [
      2600,
      -0.0002518937108106911
    ],
    [
      2700,
      0.012563628144562244
    ],
    [
      2800,
      0.008968226611614227
    ],
    [
      2900,
      0.004541761241853237
    ],
    [
      3000,
      -0.012384503148496151
    ]
  ],
  "mean_fake_logit": [
    [
      100,
      0.007006822153925896
    ],
    [
      200,
      0.006989198736846447
    ],
    [
      300,
      -0.0075689759105443954
    ],
    [
      400,
      0.015800096094608307
    ],
    [
      500,
      -0.0016611425671726465
    ],
    [
      600,
      0.0015798024833202362
    ],
    [
      700,
      0.026956694200634956
    ],
    [
      800,
      -0.04416632279753685
    ],
    [
      900,
      0.012751339003443718
    ],
    [
      1000,
      0.009793971665203571
    ],
    [
      1100,
      -0.018598563969135284
    ],
    [
      1200,
      -0.0005973716033622622
    ],
    [
      1300,
      -0.013289358466863632
    ],
    [
      1400,
      0.010463791899383068
    ],
    [
      1500,
      0.0122091518715024
    ],
    [
      1600,
      -0.009931822307407856
    ],
    [
      1700,
      -0.00753643736243248
    ],
    [
      1800,
      0.000975572969764471
    ],
    [
      1900,
      0.012036267668008804
    ],
    [
      2000,
      0.0025556725449860096
    ],
    [
      2100,
      -0.013681245967745781
    ],
    [
      2200,
      0.008964119479060173
    ],
    [
      2300,
      0.0009017863194458187
    ],
    [
      2400,
      -0.008864408358931541
    ],
    [
      2500,
      0.006781180389225483
    ],
    [
      2600,
      -0.0005280952318571508
    ],
    [
      2700,
      0.0051781791262328625
    ],
    [
      2800,
      0.010027524083852768
    ],
    [
      2900,
      -0.00021403632126748562
    ],
    [
      3000,
      -0.012184727936983109
    ]
  ],
  "disc_total_acc": [
    [
      100,
      0.501953125
    ],
    [
      200,
      0.501953125
    ],
    [
      300,
      0.5029296875
    ],
    [
      400,
      0.482421875
    ],
    [
      500,
      0.49609375
    ],
    [
      600,
      0.4931640625
    ],
    [
      700,
      0.544921875
    ],
    [
      800,
      0.5283203125
    ],
    [
      900,
      0.517578125
    ],
    [
      1000,
      0.4970703125
    ],
    [
      1100,
      0.5458984375
    ],
    [
      1200,
      0.4970703125
    ],
    [
      1300,
      0.5185546875
    ],
    [
      1400,
      0.482421875
    ],
    [
      1500,
      0.4736328125
    ],
    [
      1600,
      0.5283203125
    ],
    [
      1700,
      0.490234375
    ],
    [
      1800,
      0.5126953125
    ],
    [
      1900,
      0.466796875
    ],
    [
      2000,
      0.51953125
    ],
    [
      2100,
      0.5166015625
    ],
    [
      2200,
      0.498046875
    ],
    [
      2300,
      0.4892578125
    ],
    [
      2400,
      0.47265625
    ],
    [
      2500,
      0.4873046875
    ],
    [
      2600,
      0.4951171875
    ],
    [
      2700,
      0.5234375
    ],
    [
      2800,
      0.4970703125
    ],
    [
      2900,
      0.5087890625
    ],
    [
      3000,
      0.5009765625
    ]
  ],
  "disc_grad_norm": [
    [
      100,
      0.17002777755260468
    ],
    [
      200,
      0.24773265421390533
    ],
    [
      300,
      0.21279561519622803
    ],
    [
      400,
      0.3440421521663666
    ],
    [
      500,
      0.24720513820648193
    ],
    [
      600,
      0.12979520857334137
    ],
    [
      700,
      0.22839821875095367
    ],
    [
      800,
      0.27278435230255127
    ],
    [
      900,
      0.12406378984451294
    ],
    [
      1000,
      0.1938163936138153
    ],
    [
      1100,
      0.12931431829929352
    ],
    [
      1200,
      0.1846461296081543
    ],
    [
      1300,
      0.19162841141223907
    ],
    [
      1400,
      0.13499552011489868
    ],
    [
      1500,
      0.21170984208583832
    ],
    [
      1600,
      0.1809532344341278
    ],
    [
      1700,
      0.23873937129974365
    ],
    [
      1800,
      0.11696876585483551
    ],
    [
      1900,
      0.31072115898132324
    ],
    [
      2000,
      0.15260104835033417
    ],
    [
      2100,
      0.11706651747226715
    ],
    [
      2200,
      0.21071453392505646
    ],
    [
      2300,
      0.1303909868001938
    ],
    [
      2400,
      0.10572605580091476
    ],
    [
      2500,
      0.2506307363510132
    ],
    [
      2600,
      0.17176881432533264
    ],
    [
      2700,
      0.16323299705982208
    ],
    [
      2800,
      0.17316018044948578
    ],
    [
      2900,
      0.17164482176303864
    ],
    [
      3000,
      0.211809903383255
    ]
  ],
  "gen_gan_grad_norm": [
    [
      100,
      0.15438829362392426
    ],
    [
      200,
      0.05232904478907585
    ],
    [
      300,
      0.1059073731303215
    ],
    [
      400,
      0.24898120760917664
    ],
    [
      500,
      0.1373232901096344
    ],
    [
      600,
      0.11512143909931183
    ],
    [
      700,
      0.23213592171669006
    ],
    [
      800,
      0.10594350099563599
    ],
    [
      900,
      0.032519616186618805
    ],
    [
      1000,
      0.1509796380996704
    ],
    [
      1100,
      0.20856349170207977
    ],
    [
      1200,
      0.06888484209775925
    ],
    [
      1300,
      0.22859974205493927
    ],
    [
      1400,
      0.3060954213142395
    ],
    [
      1500,
      0.12888982892036438
    ],
    [
      1600,
      0.03868373483419418
    ],
    [
      1700,
      0.14346157014369965
    ],
    [
      1800,
      0.05258442834019661
    ],
    [
      1900,
      0.15672004222869873
    ],
    [
      2000,
      0.02738257125020027
    ],
    [
      2100,
      0.029174279421567917
    ],
    [
      2200,
      0.06408321857452393
    ],
    [
      2300,
      0.27241459488868713
    ],
    [
      2400,
      0.06618046760559082
    ],
    [
      2500,
      0.08204276859760284
    ],
    [
      2600,
      0.1192445307970047
    ],
    [
      2700,
      0.0855504497885704
    ],
    [
      2800,
      0.07657796144485474
    ],
    [
      2900,
      0.05579540878534317
    ],
    [
      3000,
      0.11396005004644394
    ]
  ],