{
  "mean_real_logit": [
    [
      100,
      0.0064792148768901825
    ],
    [
      200,
      0.006632029544562101
    ],
    [
      300,
      -0.02532566525042057
    ],
    [
      400,
      -0.0011675963178277016
    ],
    [
      500,
      0.007162975613027811
    ],
    [
      600,
      -0.0011004731059074402
    ],
    [
      700,
      -0.009726233780384064
    ],
    [
      800,
      0.0116422139108181
    ],
    [
      900,
      -0.0035437748301774263
    ],
    [
      1000,
      -0.008484046906232834
    ],
    [
      1100,
      0.001975362654775381
    ],
    [
      1200,
      -0.006554964929819107
    ],
    [
      1300,
      0.012116105295717716
    ],
    [
      1400,
      -0.02737235650420189
    ],
    [
      1500,
      -0.0009039267897605896
    ],
    [
      1600,
      -0.005815827753394842
    ],
    [
      1700,
      -0.008481805212795734
    ],
    [
      1800,
      -0.00525710079818964
    ],
    [
      1900,
      0.0003129300894215703
    ],
    [
      2000,
      0.013485565781593323
    ],
    [
      2100,
      0.0025322292931377888
    ],
    [
      2200,
      0.005378425121307373
    ],
    [
      2300,
      -0.0072623430751264095
    ],
    [
      2400,
      0.002195295412093401
    ],
    [
      2500,
      0.006192812696099281
    ],
    [
      2600,
      -0.0013054050505161285
    ],
    [
      2700,
      0.0026969294995069504
    ],
    [
      2800,
      0.010973450727760792
    ],
    [
      2900,
      0.004749699030071497
    ],
    [
      3000,
      0.0004772598622366786
    ]
  ],
  "mean_fake_logit": [
    [
      100,
      0.0043491097167134285
    ],
    [
      200,
      0.008026935160160065
    ],
    [
      300,
      -0.021566128358244896
    ],
    [
      400,
      -0.0017564513254910707
    ],
    [
      500,
      -0.0006051927921362221
    ],
    [
      600,
      -0.009230095893144608
    ],
    [
      700,
      -0.010015412233769894
    ],
    [
      800,
      0.0078852828592062
    ],
    [
      900,
      -0.005356922280043364
    ],
    [
      1000,
      -0.008791249245405197
    ],
    [
      1100,
      0.002842850051820278
    ],
    [
      1200,
      -0.014518138021230698
    ],
    [
      1300,
      0.010063300840556622
    ],
    [
      1400,
      -0.026981916278600693
    ],
    [
      1500,
      -0.010704743675887585
    ],
    [
      1600,
      -0.00713615445420146
    ],
    [
      1700,
      -0.009880423545837402
    ],
    [
      1800,
      -0.006413489114493132
    ],
    [
      1900,
      -0.0006350844632834196
    ],
    [
      2000,
      0.013380787335336208
    ],
    [
      2100,
      0.001731540891341865
    ],
    [
      2200,
      0.0013114768080413342
    ],
    [
      2300,
      -0.013733068481087685
    ],
    [
      2400,
      -0.0014490003231912851
    ],
    [
      2500,
      0.005350160412490368
    ],
    [
      2600,
      -0.007181582041084766
    ],
    [
      2700,
      -0.0023952710907906294
    ],
    [
      2800,
      0.0035249015782028437
    ],
    [
      2900,
      -0.000802010705228895
    ],
    [
      3000,
      -0.005916208028793335
    ]
  ],
  "disc_total_acc": [
    [
      100,
      0.4853515625
    ],
    [
      200,
      0.5068359375
    ],
    [
      300,
      0.486328125
    ],
    [
      400,
      0.5
    ],
    [
      500,
      0.5234375
    ],
    [
      600,
      0.5283203125
    ],
    [
      700,
      0.5166015625
    ],
    [
      800,
      0.5029296875
    ],
    [
      900,
      0.5009765625
    ],
    [
      1000,
      0.5
    ],
    [
      1100,
      0.4990234375
    ],
    [
      1200,
      0.5087890625
    ],
    [
      1300,
      0.501953125
    ],
    [
      1400,
      0.49609375
    ],
    [
      1500,
      0.533203125
    ],
    [
      1600,
      0.5029296875
    ],
    [
      1700,
      0.4892578125
    ],
    [
      1800,
      0.5185546875
    ],
    [
      1900,
      0.5283203125
    ],
    [
      2000,
      0.490234375
    ],
    [
      2100,
      0.4853515625
    ],
    [
      2200,
      0.537109375
    ],
    [
      2300,
      0.5361328125
    ],
    [
      2400,
      0.51171875
    ],
    [
      2500,
      0.5244140625
    ],
    [
      2600,
      0.5166015625
    ],
    [
      2700,
      0.5068359375
    ],
    [
      2800,
      0.5400390625
    ],
    [
      2900,
      0.5380859375
    ],
    [
      3000,
      0.5185546875
    ]
  ],
  "disc_grad_norm": [
    [
      100,
      0.11186967045068741
    ],
    [
      200,
      0.13807269930839539
    ],
    [
      300,
      0.20299053192138672
    ],
    [
      400,
      0.1376258134841919
    ],
    [
      500,
      0.17718295753002167
    ],
    [
      600,
      0.08866826444864273
    ],
    [
      700,
      0.1982169896364212
    ],
    [
      800,
      0.2054903507232666
    ],
    [
      900,
      0.2222582995891571
    ],
    [
      1000,
      0.10148607939481735
    ],
    [
      1100,
      0.13404877483844757
    ],
    [
      1200,
      0.20780421793460846
    ],
    [
      1300,
      0.1173197403550148
    ],
    [
      1400,
      0.18042175471782684
    ],
    [
      1500,
      0.11243864893913269
    ],
    [
      1600,
      0.11991489678621292
    ],
    [
      1700,
      0.08897502720355988
    ],
    [
      1800,
      0.09352727234363556
    ],
    [
      1900,
      0.09538471698760986
    ],
    [
      2000,
      0.1366259604692459
    ],
    [
      2100,
      0.23783883452415466
    ],
    [
      2200,
      0.15440575778484344
    ],
    [
      2300,
      0.08044195920228958
    ],
    [
      2400,
      0.10777764767408371
    ],
    [
      2500,
      0.10401846468448639
    ],
    [
      2600,
      0.1521826833486557
    ],
    [
      2700,
      0.08934362232685089
    ],
    [
      2800,
      0.191489577293396
    ],
    [
      2900,
      0.16316671669483185
    ],
    [
      3000,
      0.11460799723863602
    ]
  ],
  "gen_gan_grad_norm": [
    [
      100,
      0.2510596215724945
    ],
    [
      200,
      0.20432709157466888
    ],
    [
      300,
      0.17081132531166077
    ],
    [
      400,
      0.12840703129768372
    ],
    [
      500,
      0.15371736884117126
    ],
    [
      600,
      0.11441877484321594
    ],
    [
      700,
      0.25078481435775757
    ],
    [
      800,
      0.1479245275259018
    ],
    [
      900,
      0.22391675412654877
    ],
    [
      1000,
      0.17328573763370514
    ],
    [
      1100,
      0.21110981702804565
    ],
    [
      1200,
      0.19354209303855896
    ],
    [
      1300,
      0.16533759236335754
    ],
    [
      1400,
      0.2502410113811493
    ],
    [
      1500,
      0.2398647665977478
    ],
    [
      1600,
      0.24331721663475037
    ],
    [
      1700,
      0.32037943601608276
    ],
    [
      1800,
      0.2075967788696289
    ],
    [
      1900,
      0.14016489684581757
    ],
    [
      2000,
      0.15417248010635376
    ],
    [
      2100,
      0.10272625088691711
    ],
    [
      2200,
      0.1842210292816162
    ],
    [
      2300,
      0.15711610019207
    ],
    [
      2400,
      0.18377725780010223
    ],
    [
      2500,
      0.1401207596063614
    ],
    [
      2600,
      0.11108981817960739
    ],
    [
      2700,
      0.0973736047744751
    ],
    [
      2800,
      0.14506149291992188
    ],
    [
      2900,
      0.15858711302280426
    ],
    [
      3000,
      0.14104516804218292
    ]
  ],