{
  "references": {
    "pi1_vs_pi1_sanity": {
      "recovered_mode_count": 8,
      "normalized_mode_entropy": 0.9997218872549847,
      "off_support_fraction": 0.0,
      "energy_distance": 0.0013860773217753142,
      "mmd_rbf": 0.00027884260411070727
    },
    "pi0_vs_pi1_baseline": {
      "recovered_mode_count": 8,
      "normalized_mode_entropy": 0.9505347817176594,
      "off_support_fraction": 0.535,
      "energy_distance": 0.04189992036096868,
      "mmd_rbf": 0.02982827524427567
    },
    "teacher_multistep_ema_vs_pi1": {
      "recovered_mode_count": 8,
      "normalized_mode_entropy": 0.9989034485464501,
      "off_support_fraction": 0.1245,
      "energy_distance": 0.005266399164480351,
      "mmd_rbf": 0.0014238662633218047
    },
    "teacher_onestep_ema_vs_pi1": {
      "recovered_mode_count": 7,
      "normalized_mode_entropy": 0.5578962683215551,
      "off_support_fraction": 0.4425,
      "energy_distance": 0.3105612528282853,
      "mmd_rbf": 0.24390964444457663
    },
    "m3_best_vs_pi1": {
      "recovered_mode_count": 8,
      "normalized_mode_entropy": 0.9982775090608126,
      "off_support_fraction": 0.1575,
      "energy_distance": 0.0058907272044304015,
      "mmd_rbf": 0.0021961795033108578
    }
  },
  "m4_dmd2_vs_pi1": {
    "recovered_mode_count": 8,
    "normalized_mode_entropy": 0.9978676373572101,
    "off_support_fraction": 0.1365,
    "energy_distance": 0.008832139897991365,
    "mmd_rbf": 0.0028935324322858502
  },
  "m4_improves_over_m3": false,
  "m4_mmd_improves_over_m3": false,
  "final_gan_diagnostics": {
    "mean_real_logit": 0.0004772598622366786,
    "mean_fake_logit": -0.005916208028793335,
    "disc_total_acc": 0.5185546875,
    "disc_grad_norm": 0.11460799723863602,
    "gen_gan_grad_norm": 0.14104516804218292,
    "dmd_grad_norm": 0.704744815826416
  }
}